Company,Valuation,Country
ByteDance,225,China
SpaceX,137,United States
SHEIN,66,Singapore
Stripe,50,United States
Databricks,43,United States
Canva,40,Others
Revolut,33,United Kingdom
Epic Games,31.5,United States
Fanatics,31,United States
OpenAI,29,United States
Chime,25,United States
Xiaohongshu,20,China
J&T Express,20,Others
Miro,17.5,United States
Yuanfudao,15.5,China
DJI Innovations,15,China
Discord,15,United States
Gopuff,15,United States
Yuanqi Senlin,15,China
Ripple,15,United States
Blockchain.com,14,United Kingdom
Plaid,13.5,United States
OpenSea,13.3,United States
Celonis,13,European Union
Grammarly,13,United States
Devoted Health,12.6,United States
Faire,12.59,United States
Brex,12.3,United States
JUUL Labs,12,United States
Bitmain Technologies,12,China
GoodLeap,12,United States
Xingsheng Selected,12,China
Deel,12,United States
Airtable,11.7,United States
BYJU's,11.5,India
ZongMu Technology,11.4,China
Rippling,11.25,United States
Global Switch,11.1,United Kingdom
Checkout.com,11,United Kingdom
Bolt,11,United States
Alchemy,10.2,United States
Huolala,10,Others
Wiz,10,Israel
Gusto,10,United States
Chehaoduo,10,China
reddit,10,United States
Talkdesk,10,United States
Notion,10,United States
Thrasio,10,United States
Digital Currency Group,10,United States
KuCoin,10,Others
ServiceTitan,9.5,United States
HEYTEA,9.28,China
N26,9.23,European Union
Navan,9.2,United States
Northvolt,9.08,Others
Tanium,9,United States
Niantic,9,United States
OYO Rooms,9,India
Getir,8.8,Others
Rapyd,8.75,United Kingdom
Kavak,8.7,Others
Nuro,8.6,United States
Chainalysis,8.6,United States
Pony.ai,8.5,United States
Personio,8.5,European Union
Anduril,8.48,United States
SumUp,8.5,United Kingdom
Bolt,8.4,Others
Lacework,8.3,United States
Tipalti,8.3,United States
Tempus,8.1,United States
Swiggy,8,India
Dream11,8,India
Fireblocks,8,United States
Flexport,8,United States
FalconX,8,United States
Caris,7.83,United States
Dapper Labs,7.6,Canada
Hopin,7.75,United Kingdom
Netskope,7.5,United States
Razorpay,7.5,India
Automattic,7.5,United States
Carta,7.4,United States
Snyk,7.4,United States
Scale AI,7.3,United States
Gong,7.25,United States
Gemini,7.1,United States
Toss,7,South Korea
We Doctor,7,China
Ro,7,United States
ConsenSys,7,United States
Automation Anywhere,6.8,United States
1Password,6.8,Canada
Klarna,6.7,Others
Ziroom,6.6,China
SVOLT,6.51,China
National Stock Exchange of India,6.5,India
Mollie,6.5,Others
Ola,7.5,India
Doctolib,6.4,European Union
CRED,6.4,India
DataRobot,6.3,United States
Upgrade,6.28,United States
Hinge Health,6.2,United States
Black Unicorn Factory,6.1,United States
Benchling,6.1,United States
Royole Corporation,6,China
iCapital Network,6,United States
6Sense,5.2,United States
Attentive,5.99,United States
Easyhome,5.78,China
Lianjia,5.77,China
Cityblock Health,5.7,United States
Workato,5.7,United States
Back Market,5.7,European Union
RELEX,5.7,Others
The Boring Company,5.7,United States
Postman,5.6,United States
FiveTran,5.6,United States
ContentSquare,5.6,European Union
Trade Republic,5.36,European Union
Rappi,5.25,Others
Collibra,5.25,Others
OneTrust,4.5,United States
QuintoAndar,5.1,Brazil
C6 Bank,5.05,Brazil
Redwood Materials,5,United States
Hello TransTech,5,China
Airwallex,5.5,Others
Mambu,5.5,Others
Skims,5,United States
Horizon Robotics,5,China
Howden Group Holdings,5,United Kingdom
SambaNova Systems,5,United States
ZEPZ,5,United Kingdom
OakNorth Bank,5,United Kingdom
Moon Active,5,Israel
OfBusiness,5,India
Cockroach Labs,5,United States
Pine Labs,5,India
Qonto,5,European Union
Ola Electric Mobility,5.5,India
Icertis,5,United States
Hopper,5,Canada
VerSe Innovation,5,India
ShareChat,5,India
Coalition,5,United States
Grafana Labs,4.93,United States
Meesho,4.9,India
Cerebral,4.8,United States
Creditas,4.8,Brazil
Reify Health,4.8,United States
Chipone,4.73,China
BetterUp,4.7,United States
Pleo,4.7,Others
SonarSource,4.7,Others
Lyra Health,5.85,United States
Ramp,5.8,United States
Checkr,4.6,United States
Color,4.6,United States
Lendable,4.58,United Kingdom
Vinted,4.53,Others
VIPKid,4.5,China
Socure,4.5,United States
Monzo,4.5,United Kingdom
UBTECH Robotics,4.58,China
wefox,4.5,European Union
Lenskart,4.5,India
Hugging Face,4.5,United States
Anthropic,4.4,United States
Outreach,4.4,United States
WeRide,4.4,China
Guild Education,4.4,United States
Arctic Wolf Networks,4.3,United States
OutSystems,4.3,United States
Sorare,4.3,European Union
Zipline,4.2,United States
Relativity,4.2,United States
Miaoshou Doctor,4.25,China
ThoughtSpot,4.2,United States
Globalization Partners,4.2,United States
dbt Labs,4.2,United States
SSENSE,4.15,Canada
Dataminr,4.1,United States
BitPanda,4.11,Others
Weee!,4.1,United States
Skydance Media,4,United States
Houzz,4,United States
Yello Mobile,4,South Korea
Inflection AI,4,United States
MEGVII,4,China
Greensill,4,United Kingdom
Impossible Foods,4,United States
Radiology Partners,4,United States
Next Insurance,4,United States
PointClickCare,4,Canada
Zapier,4,United States
Clubhouse,4,United States
BrowserStack,4,Others
Olive,4,United States
Rubrik,4,United States
Melio,4,United States
Vuori,4,United States
ClickUp,4,United States
Cerebras Systems,4,United States
Farmers Business Network,4,United States
Branch,4,United States
Aurora Solar,4,United States
Webflow,4,United States
Yuga Labs,4,United States
Digit Insurance,4,India
Abnormal Security,4,United States
Medlinker,3.92,China
Intarcia Therapeutics,3.8,United States
StockX,3.8,United States
MessageBird,3.8,Others
Convoy,3.8,United States
Articulate,3.75,United States
Dutchie,3.75,United States
Cohesity,3.7,United States
Dataiku,3.7,United States
VAST Data,3.7,United States
GOAT,3.7,United States
Noom,3.7,United States
Papaya Global,3.7,United States
Abogen,3.7,China
Harness,3.7,United States
Whatnot,3.7,United States
o9 Solutions,3.7,United States
Autograph,3.66,United States
Relativity,3.6,United States
Whoop,3.6,United States
Applied Intuition,3.6,United States
Course Hero,3.6,United States
SpotOn,3.6,United States
Otto Bock HealthCare,3.52,European Union
Indigo Ag,3.5,United States
eToro,3.5,United Kingdom
HyalRoute,3.5,Singapore
Rec Room,3.5,United States
Commure,3.5,United States
Mirakl,3.5,European Union
Tekion,3.5,United States
Celsius,3.5,United States
GoStudent,3.5,Others
Highspot,3.5,United States
Handshake,3.5,United States
ChargeBee Technologies,3.5,United States
Flock Safety,3.5,United States
Helion Energy,3.5,United States
Acronis,3.5,Others
Unacademy,3.44,India
Odoo,3.43,Others
MoonPay,3.4,United States
Upstox,3.4,India
Improbable,3.36,United Kingdom
Youxia Motors,3.35,China
OwnBackup,3.35,United States
Starburst,3.35,United States
Sila,3.3,United States
Komodo Health,3.3,United States
Kurly,3.3,South Korea
Cars24,3.3,India
BlockDaemon,3.25,United States
Dadi Cinema,3.24,China
Aiven,3.21,Others
Astera Labs,3.2,United States
Thumbtack,3.2,United States
Cedar,3.2,United States
Eruditus Executive Education,3.2,India
Blockstream,3.2,Canada
Innovaccer,3.2,United States
Ironclad,3.2,United States
Eikon Therapeutics,3.2,United States
Retool,3.2,United States
Verkada,3.2,United States
PsiQuantum,3.15,United States
Udaan,3.1,India
HighRadius,3.1,United States
Nuvemshop,3.1,Brazil
LayerZero Labs,3,United States
Nord Security,3,Others
Yixia,3,China
Traveloka,3,Others
SouChe Holdings,3,China
BGL Group,3,United Kingdom
Circle,3,United States
Zuoyebang,3,China
FlixMobility,3,European Union
Wildlife Studios,3,Brazil
ApplyBoard,3.2,Canada
Forter,3,United States
Calendly,3,United States
BlockFi,3,United States
ActiveCampaign,3,United States
CMR Surgical,3,United Kingdom
Lucid Software,3,United States
Age of Learning,3,United States
Carbon Health,3,United States
Contentful,3,European Union
LaunchDarkly,3,United States
Seismic,3,United States
Sky Mavis,3,Others
Outschool,3,United States
TradingView,3,United States
Groww,3,India
Podium,3,United States
Via,3.5,United States
Anchorage Digital,3,United States
Inxeption,3,United States
Lattice,3,United States
Flutterwave,3,United States
Amber Group,3,Others
Cross River Bank,3,United States
Remote,3,United States
Sentry,3,United States
Kraken,2.92,United States
Workrise,2.9,United States
BharatPe,2.85,India
Gokin Solar,2.88,China
DriveWealth,2.85,United States
Alan,2.85,European Union
Meicai,2.8,China
Nutrabolt,2.79,United States
Graphcore,2.77,United Kingdom
Illumio,2.75,United States
MasterClass,2.75,United States
Dream Games,2.75,Others
Transmit Security,2.74,Israel
Hozon Auto,3.95,China
Tradeshift,2.7,United States
Nextiva,2.7,United States
Tridge,2.7,South Korea
Thought Machine,2.7,United Kingdom
Starling Bank,2.69,United Kingdom
BackBase,2.66,Others
ManoMano,2.6,European Union
Sourcegraph,2.62,United States
Pendo,2.6,United States
Plume,2.6,United States
Moglix,2.6,Singapore
Axonius,2.6,United States
Xinchao Media,2,China
JumpCloud,2.62,United States
Unico,2.6,Brazil
Oura,2.55,Others
Eat Just,2.59,United States
Cribl,2.5,United States
Jetti Resources,2.5,United States
ChaBaiDao,2.52,China
AlphaSense,2.5,United States
Vista Global,2.5,Others
BYTON,2.5,China
Side,2.5,United States
Spring Health,2.5,United States
Infra.Market,2.5,India
Varo Bank,2.5,United States
Cato Networks,3,Israel
Aura,2.5,United States
Vercel,2.5,United States
Sysdig,2.5,United States
Zetwerk,2.7,India
Uniphore,2.5,United States
Somatus,2.5,United States
Immutable,2.5,Others
A24 Films,2.5,United States
SiFive,2.5,United States
Games24x7,2.5,India
Fetch,2.5,United States
Coda Payments,2.5,Singapore
DriveNets,2.5,Israel
Hibob,2.45,Israel
Uala,2.45,Others
Mobile Premier League,2.45,India
insitro,2.44,United States
Cgtz,2.41,China
Star Charge,2.41,China
Carbon,2.4,United States
Rokt,2.4,United States
PolicyBazaar,2.4,India
Paxos,2.4,United States
Exabeam,2.4,United States
BitSight Technologies,2.4,United States
Trumid,2.4,United States
ABL Space Systems,2.4,United States
HoneyBook,2.4,United States
Beta Technologies,2.4,United States
Project44,2.62,United States
Freenome,2.62,United States
ManyPets,2.35,United Kingdom
Jobandtalent,2.35,Others
WEMAKEPRICE,2.34,South Korea
Biren Technology,2.32,China
Voodoo,2.31,European Union
Shield AI,2.3,United States
Uptake,2.3,United States
Motive,2.85,United States
Greenlight,2.3,United States
Bowery Farming,2.3,United States
MoMo,2.27,Others
Algolia,2.25,United States
Pattern,2.25,United States
Newfront Insurance,2.2,United States
NuCom Group,2.2,European Union
Skydio,2.2,United States
MUSINSA,2.76,South Korea
Current,2.2,United States
Bitso,2.2,Others
Gympass,2.4,United States
Dialpad,2.2,United States
G7 Networks,2.2,China
BloomReach,2.2,United States
Motif FoodWorks,2.2,United States
Accelerant,2.4,United Kingdom
YITU Technology,2.17,China
Addepar,2.17,United States
Qualia,2.17,United States
Neo4j,2,United States
CloudWalk,2.15,Brazil
CoinDCX,2.15,India
Eightfold,2.1,United States
Urban Company,2.1,India
Moveworks,2.1,United States
Medable,2.1,United States
GoCardless,2.1,United Kingdom
Aledade,3.5,United States
FirstCry,3.5,India
Forto,2.1,European Union
Jeeves,2.1,United States
Viva Wallet,2.05,Others
CoreWeave,2.22,United States
Babel Finance,2,Others
Trendy Group International,2,Others
GrubMarket,2,United States
BeZero,2,United Kingdom
Cohere,2,Canada
GO1,2,Others
Clear Street,2,United States
Drata,2,United States
Mysten Labs,2,United States
Avant,2,United States
Tubatu.com,2,China
BlaBlaCar,2,European Union
HuiMin,2,China
Quora,2,United States
Preferred Networks,2,Others
Formlabs,2,United States
4Paradigm,2,China
Calm,2,United States
Kaseya,2,United States
Mafengwo,2,China
Druva,2,United States
Kujiale,2,China
AppsFlyer,2,United States
Keep,2,China
Redis,2,United States
Xingyun Group,2,China
Unqork,2,United States
Virta Health,2,United States
ISN,2,United States
Earnix,2,Israel
Guoquan Shihui,2,China
Clearco,2,Canada
Hive,2,United States
Kry,2,Others
Kajabi,2,United States
Ethos,2.7,United States
PayFit,2.1,United Kingdom
Beisen,2,China
Pipe,2,United States
Iterable,2,United States
Helsing,1.82,Others
Bunq,1.8,Others
Clip,2,Others
Loggi,2,Brazil
MURAL,2,United States
OCSiAl,2,Others
XtalPi,2,China
Divvy Homes,2,United States
Apeel Sciences,2,United States
Opay,2,Others
Aviatrix,2,United States
SmartNews,2,Others
Misfits Market,2,United States
Black Sesame Technologies,2,China
Advance Intelligence Group,2,Singapore
Modern Treasury,2,United States
Magic Leap,2,United States
TIER,2,European Union
ClickHouse,2,United States
Everlaw,2,United States
Zilch,2,United Kingdom
VerbIT,2,United States
StarkWare,8,Israel
Netlify,2,United States
SWORD Health,2,United States
LTK,2,United States
Trax,2,Singapore
Exotec,2,European Union
Dremio,2,United States
Akulaku,2,Others
Cloudinary,2,United States
Lunar,2,Others
UpGrad,2.25,India
Salsify,2,United States
CertiK,2,United States
ROX Motor,2,China
Devo Technology,2,United States
ShiftKey,2,United States
Rimac Automobili,2,Others
Geek+,2,China
21.co,2,United States
Solugen,2,United States
ZigBang,1.93,South Korea
Ankorstore,1.98,European Union
InVision,1.9,United States
eDaili,1.9,China
MX,1.9,United States
CoinSwitch,1.9,India
Acorns,1.9,United States
Fever,1.96,United States
Roofstock,1.94,United States
thatgamecompany,1.94,United States
ConcertAI,1.9,United States
Material Bank,1.9,United States
Volocopter,1.87,European Union
ENOVATE,1.85,China
MEGAZONE,1.83,South Korea
CFGI,1.85,United States
ZocDoc,1.8,United States
Scroll,1.8,Others
Diamond Foundry,1.8,United States
Quantexa,1.8,United Kingdom
FullStory,1.8,United States
Lightricks,1.8,Israel
Opentrons,1.8,United States
Kindbody,1.8,United States
Slice,1.8,India
Cambrian BioPharma,1.79,United States
AIWAYS,1.78,China
Trulioo,1.75,Canada
BitGo,1.75,United States
Spinny,1.75,India
Crusoe,1.75,United States
Orca Security,1.8,United States
Apus Group,1.73,China
Harry's,1.7,United States
PAX,1.7,United States
DispatchHealth,1.7,United States
Pax8,1.7,United States
Multiverse,1.7,United Kingdom
Front,1.7,United States
Redesign Health,1.7,United States
Tessera Therapeutics,1.69,United States
Uniswap,1.66,United States
Kredivo Holdings,1.66,Singapore
Unite Us,1.6,United States
CircleCI,1.7,United States
Wave,1.7,Others
Vestiaire Collective,1.7,European Union
Dragos,1.7,United States
Reltio,1.7,United States
H2O.ai,1.7,United States
ZenBusiness,1.7,United States
Carsome,1.7,Others
Productboard,1.73,United States
Spotter,1.7,United States
Optimism,1.65,United States
Incredible Health,1.65,United States
Jusfoun Big Data,1.62,China
Transcarent,1.62,United States
DealShare,1.7,India
Zhubajie,1.61,China
Solaris,1.6,European Union
Apollo,1.6,United States
DataStax,1.6,United States
Infinidat,1.6,United States
Afiniti,1.6,Others
Cao Cao Mobility,1.6,China
Clari,2.6,United States
Clio,1.6,Canada
SafetyCulture,1.76,Others
Monte Carlo,1.6,United States
Cresta,1.6,United States
Extend,1.36,United States
Generate Biomedicines,1.36,United States
Cognite,1.5,Others
ASAPP,1.6,United States
SmartHR,1.6,Others
Mercury,1.6,United States
HomeLight,1.7,United States
Truepill,1.6,United States
ezCater,1.6,United States
Wayflyer,1.6,Others
Capitolis,1.6,United States
Vanta,1.6,United States
Magic Eden,1.6,United States
Pave,1.6,United States
Astranis,1.6,United States
Promasidor Holdings,1.59,Others
GalaxySpace,1.58,China
Icon,1.57,United States
Fresh Life Style Supply Chain Management,1.57,China
Alloy,1.55,United States
Baiwang,1.55,China
Iluvatar CoreX,1.55,China
Wenheyou,1.55,China
Kitopi,1.55,Others
Loom,1.53,United States
Ximalaya FM,1.52,China
Carzone,1.52,China
Runway,1.5,United States
OpenWeb,1.5,United States
bolttech,1.5,Singapore
First Mode,1.5,United States
Bilt Rewards,1.5,United States
Mu Sigma,1.5,United States
Kushki,1.5,Others
Jasper,1.5,United States
Orna Therapeutics,1.5,United States
TuJia,1.5,China
Mofang Living,1.5,China
Gett,1.5,United Kingdom
DT Dream,1.5,China
Changingedu,1.5,China
XiaoZhu,1.5,China
JOLLY Information Technology,1.5,China
Yijiupi,1.5,China
Cambridge Mobile Telematics,1.5,United States
Collective Health,1.5,United States
Strava,1.5,United States
Zenoti,1.5,United States
K Health,1.5,United States
Uplight,1.5,United States
ID.me,1.5,United States
Snapdocs,1.5,United States
Chipper Cash,2,United States
Ledger,1.47,European Union
Next Silicon,1.5,Israel
YunQuNa,1.5,China
impact.com,1.5,United States
SmartRecruiters,1.5,United States
NotCo,1.5,Others
Culture Amp,1.5,Others
TaxBit,1.5,United States
Pacaso,1.5,United States
1047 Games,1.5,United States
Matillion,1.5,United Kingdom
Persona,1.5,United States
Ascend Money,1.5,Others
Andela,1.5,United States
Built,1.5,United States
CoinList,1.5,United States
Lusha,1.5,United States
CureFit,1.5,India
Olist,1.5,Brazil
Paradox,1.5,United States
Airbyte,1.5,United States
StoreDot,1.5,Israel
Spendesk,1.5,European Union
Veriff,1.5,Others
Athelas,1.5,United States
ElasticRun,1.5,India
Veho,1.5,United States
Temporal,1.5,United States
Fabric,1.5,United States
Zeta,1.5,United States
Boba,1.5,United States
Upside,1.5,United States
Mashgin,1.5,United States
Dock,1.5,Brazil
Prometheus,1.5,United States
5ire,1.5,United Kingdom
Yipin Shengxian,1.49,China
Bordrin Motors,1.48,China
Arcadia,1.48,United States
VTS,1.47,United States
Shukun Technology,1.46,China
Huasun,1.46,China
Loft,1.46,Brazil
Coocaa,1.45,China
Juma Peisong,1.45,China
Ouyeel,1.45,China
Gymshark,1.45,United Kingdom
M1,1.45,United States
Aleo,1.45,United States
Einride,1.44,Others
Justworks,1.43,United States
Valgen Medtech,1.43,China
SonderMind,1.42,United States
Fox Ess,1.4,China
Zepto,1.4,India
Amagi,1.4,India
Papa,1.4,United States
Xpressbees,1.4,India
Figment,1.4,Canada
Envoy,1.4,United States
Deliverect,1.4,Others
SparkCognition,1.4,United States
Liquidity,1.4,Israel
Firebolt,1.4,Israel
AI21 Labs,1.4,Israel
Koudai,1.4,China
Symphony,1.4,United States
Yidian Zixun,1.4,China
Cabify,1.4,Others
Hive Box,1.4,China
Away,1.4,United States
Kong,1.4,United States
Epidemic Sound,1.4,Others
Yotpo,1.4,United States
Rebel Foods,1.4,India
Coda,1.4,United States
Stash,1.4,United States
Rad Power Bikes,1.4,United States
Clarify Health,1.4,United States
Bucketplace,1.4,South Korea
Paddle,1.4,United Kingdom
OneCard,1.4,India
boAT,1.4,India
Phenom People,1.4,United States
GupShup,1.4,United States
Degreed,1.4,United States
Scalable Capital,1.4,European Union
VideoAmp,1.4,United States
Panther Labs,1.4,United States
Salt Security,1.4,United States
Tripledot,1.4,United Kingdom
Nimble Rx,1.4,United States
Veepee,1.38,European Union
Neon,1.38,Brazil
Movable Ink,1.36,United States
Patreon,1.35,United States
DeepBlue Technology,1.35,China
Klook,1.35,Others
Epirus,1.35,United States
Signifyd,1.34,United States
Jaguar Microsystems,1.34,China
Motorway,1.33,United Kingdom
RIDI,1.33,South Korea
Lyten,1.33,United States
Flipboard,1.32,United States
GPclub,1.32,South Korea
Tongdun Technology,1.32,China
Athletic Greens,1.32,United States
Unisound,1.31,China
Alzheon,1.31,United States
MasterControl,1.3,United States
eFishery,1.3,Others
HeartFlow,1.3,United States
Shiprocket,1.3,India
The Brandtech Group,1.3,United States
Insightec,1.3,Israel
Everly Health,1.3,United States
Manner,1.3,China
TalkingData,1.3,China
DistroKid,1.3,United States
Konfio,1.3,Others
Betterment,1.3,United States
Flock Freight,1.3,United States
YugaByte,1.3,United States
Lukka,1.3,United States
TravelPerk,1.3,Others
iTrustCapital,1.3,United States
Domestika,1.3,United States
CoinTracker,1.3,United States
Loadsmart,1.3,United States
TUNGEE,1.3,China
Yubi,1.5,India
LinkTree,1.3,Others
Island,1.3,United States
Clipboard Health,1.3,United States
Biofourmis,1.3,United States
STORD,1.3,United States
Optibus,1.3,Israel
Equashield,1.3,United States
Intercom,1.28,United States
OVO Energy,1.28,United Kingdom
Huisuanzhang,1.28,China
WTOIP,1.27,China
PeopleCert,1.27,Others
Greater Bay Technology,1.26,China
JMGO,1.26,China
BigID,1.25,United States
Kuaikan Manhua,1.25,China
Marshmallow,1.25,United Kingdom
Honor Technology,1.25,United States
Mythical Games,1,United States
Incode Technologies,1.25,United States
Tackle.io,1.25,United States
Flipdish,1.25,Others
CaptivateIQ,1.25,United States
Talos,1.25,United States
airSlate,1.25,United States
ClassDojo,1.25,United States
BrewDog,1.24,United Kingdom
Enflame,1.24,China
Shulan Health,1.24,China
SeatGeek,1.24,United States
EQRx,1.23,United States
Nexii,1.23,Canada
InDrive,1.23,United States
Spiber,1.22,Others
Insider,2,Others
Kallyope,1.22,United States
Zip,1.5,United States
Cart.com,1.2,United States
Replit,1.2,United States
Our Next Energy,1.2,United States
Yiguo,1.2,China
Glossier,1.65,United States
Workhuman,1.2,Others
Qumulo,1.2,United States
Tealium,1.2,United States
Public,1.2,United States
Pipa Coding,1.2,China
Pilot,1.2,United States
Aibee,1.2,China
Jokr,1.3,United States
Vectra Networks,1.2,United States
Ada,1.2,Canada
SmartMore,1.2,China
Rohlik Group,1.2,Others
FloQast,1.2,United States
MindTickle,1.2,United States
DailyPay,1.2,United States
Offchain Labs,1.2,United States
Copado,1.2,United States
Gem,1.2,United States
CarDekho,1.2,India
MyGlamm,1.2,India
AgentSync,1.2,United States
Pristyn Care,1.4,India
Merama,1.2,Others
SeekOut,1.2,United States
BigPanda,1.2,United States
Phantom,1.2,United States
LivSpace,1.2,India
Nova Labs,1.2,United States
Choco,1.2,European Union
Viz.ai,1.2,United States
Unit,1.2,United States
stori,1.2,Others
Spectrum Medical,1.2,United Kingdom
Swiftly,1.2,United States
CloudBees,1.15,United States
Flink,1.07,European Union
Colossal,1.19,United States
L&P Cosmetic,1.19,South Korea
Mininglamp Technology,1.19,China
Luoji Siwei,1.18,China
Yimidida,1.17,China
Modern Health,1.17,United States
IRL,1.17,United States
Tuhu,1.16,China
Younited,1.16,European Union
SOURCE Global,1.16,United States
LifeMiles,1.15,Others
Venafi,1.15,United States
Guideline,1.15,United States
Rebellion Defense,1.15,United States
Elemy,1.15,United States
Happy Money,1.15,United States
TELD,1.12,China
DANA,1.13,Others
At-Bay,1.12,United States
Visby Medical,1.12,United States
Invoca,1.1,United States
Wasabi,1.1,United States
Flexe,1,United States
TangoMe,1.1,United States
AppDirect,1.1,United States
Juanpi,1.1,China
OVH,1.1,European Union
GetYourGuide,2,European Union
Ivalua,1.1,United States
Sisense,1.1,United States
Pharmapacks,1.1,United States
Sennder,1.1,European Union
Nexthink,1.1,Others
Zego,1.1,United Kingdom
Rightway,1.1,United States
Sunbit,1.1,United States
Qingting FM,1.1,China
G2,1.1,United States
Hailo,1,Israel
Caribou,1.1,United States
Nowports,1.1,Others
People.ai,1.1,United States
Carousell,1.1,Singapore
apna,1.1,India
Karat,1.1,United States
Enpal,1.1,European Union
Acko General Insurance,1.1,India
Daily Harvest,1.1,United States
The Bank of London,1.1,United Kingdom
Fundbox,1.1,United States
Turing,1.1,United States
GlobalBees,1.1,India
LEAD,1.1,India
eSentire,1.1,Canada
Beyond Identity,1.1,United States
Staffbase,1.1,European Union
Chief,1.1,United States
IntelyCare,1.1,United States
Teleport,1.1,United States
Imply Data,1.1,United States
Material Security,1.1,United States
PhysicsWallah,1.1,India
Recover,1.1,Others
Purplle,1.1,India
CAIS,1.1,United States
Nxin,1.08,China
UISEE Technology,1.08,China
56PINGTAI,1.08,China
Cirkul,1.07,United States
Radius Payment Solutions,1.07,United Kingdom
Rivigo,1.07,India
Mamaearth,1.07,India
0x,1.05,United States
Jiuxian,1.05,China
Instabase,2,United States
Sendbird,1.05,United States
Density,1.05,United States
Mixpanel,1.05,United States
Branch,1.05,United States
OrCam Technologies,1.03,Israel
B&C Chemical,1.02,China
Ample,1.02,United States
BlackBuck,1.02,India
Leapmotor,1.01,China
Wheel,1.01,United States
Avenue One,1,United States
Zhipu AI,1,China
Flashbots,1,Others
Typeface,1,United States
Imbue,1,United States
Restaurant365,1,United States
Kin,1,United States
DeepL,1,European Union
KoBold Metals,1,United States
Go,1,Others
Percent,1,China
1Komma5,1.08,European Union
Gradiant,1,United States
Palmetto,1,United States
Synthesia,1,United Kingdom
Prove Identity,1,United States
Character.AI,1,United States
Atmosphere,1,United States
Adept,1,United States
Beamery,1,United Kingdom
Flow,1,United States
Xanadu,1,Canada
LINE MAN Wongnai,1,Others
Celestia,1,Others
Stability AI,1,United Kingdom
Satispay,1,Others
Paystand,1,United States
Turntide Technologies,1,United States
EcoVadis,1,European Union
TransferMate,1,Others
Lookout,1,United States
Snapdeal,1,India
TechStyle Fashion Group,1,United States
Zebec,1,United States
InMobi,1,India
LinkSure Network,1,China
Red Ventures,1,United States
BeiBei,1,China
Lamabang,1,China
Jimu,1,China
FXiaoKe,1,China
Mia.com,1,China
58 Daojia,1,China
Womai,1,China
HuJiang,1,China
iTutorGroup,1,China
MindMaze,1,Others
iCarbonX,1,China
Kendra Scott,1,United States
Mobvoi,1,China
Zhuan Zhuan,1,China
Modernizing Medicine,1,United States
Zhaogang,1,China
DianRong,1,China
Cell C,1,Others
YH Global,1,China
Revolution Precrafted,1,Others
WeLab,1,Others
Maimai,1,China
Dxy.cn,1,China
HMD Global,1,Others
Huike Group,1,China
China Cloud,1,China
LinkDoc Technology,1,China
Movile,1,Brazil
Pat McGrath Labs,1,United States
Wacai,1,China
FlashEx,1,China
Banma Network Technologies,1,China
Tresata,1,United States
Momenta,1,China
Hosjoy,1,China
Omio,1,European Union
TERMINUS Technology,1,China
BitFury,1,Others
REEF Technology,1,United States
Globality,1,United States
Ynsect,1,European Union
Intellifusion,1,China
Poizon,1,China
SITECH DEV,1,China
KnowBox,1,China
Yanolja,1,South Korea
Meero,1,European Union
Ibotta,1,United States
C2FO,1,United States
Numbrs,1,Others
EBANX,1,Brazil
KK Group,3,China
Alto Pharmacy,1,United States
Hotmart,1,Others
Dubizzle Group,1,Others
Quizlet,1,United States
Orca Bio,1,United States
Infobip,1,Others
Zwift,1,United States
Playco,1,Others
Gousto,1.7,United Kingdom
Alation,1.7,United States
Boom Supersonic,1,United States
Quantum Metric,1,United States
News Break,1,United States
MadeiraMadeira,1,Brazil
PPRO,1,United Kingdom
Splashtop,1,United States
Flash Express,1,Others
Axiom Space,1,United States
Locus Robotics,1,United States
Standard AI,1,United States
WeBull,1,China
Newsela,1,United States
Aqua Security,1,Israel
PatSnap,1,Singapore
Evidation,1,United States
Sidecar Health,1,United States
Feedzai,1,United States
Yunxuetang,1,China
Cameo,1,United States
Hyperchain,1,China
The Zebra,1,United States
Groq,1,United States
Fiture,1,China
Injective,1,United States
Sift,1,United States
Teya,1,United Kingdom
Capsule,1,United States
MOLOCO,1.5,United States
Inari,1.5,United States
Mux,1,United States
XForcePlus,1,China
Augustinus Bader,1,Others
Shift,1,European Union
TensTorrent,1,Canada
Zihaiguo,1,China
Forte Labs,1.73,United States
Axtria,1,United States
Amount,1,United States
Vise,1,United States
Printful,1,United States
Matrixport,1.05,Singapore
Shippo,1,United States
Thirty Madison,1,United States
LetsGetChecked,1,Others
EcoFlow,1,China
Carro,1,Singapore
Tractable,1,United Kingdom
Xiaoe Tech,1,China
Bringg,1,Israel
Claroty,1,United States
Simply,1,Israel
Aircall,1,United States
Worldcoin,1,United States
SmartAsset,1,United States
Morning Consult,1,United States
Visier,1,Canada
ShipBob,1,United States
MobileCoin,1.06,United States
Amperity,1,United States
Pantheon Systems,1,United States
Xiaoice,1,China
Caidya,1,China
Carson Group,1,United States
NIUM,2,Singapore
Human Interest,1,United States
Bluecore,1,United States
Freshbooks,1,Canada
Snorkel AI,1,United States
Gelato,1,Others
Maven,1,United States
PicsArt,1,United States
1KMXC,1,China
Cider,1,Others
Berlin Brands Group,1,European Union
Agile Robots,1,European Union
Mammoth Biosciences,1,United States
Orchard,1,United States
Xendit,1,Others
TrueLayer,1,United Kingdom
Assembly,1,United States
PandaDoc,1,United States
Keenon Robotics,1,China
HAYDON,1,China
Ninja Van,1,Singapore
Vedantu,1,India
TrialSpark,1,United States
Ajaib,1,Others
Licious,1,India
Masterworks,1,United States
Chronosphere,1,United States
Solo.io,1,United States
Savage X Fenty,1,United States
Swile,1,European Union
MobiKwik,1,India
Weights & Biases,1.25,United States
Zopa,1,United Kingdom
Dental Monitoring,1,European Union
CargoX,1,Brazil
Fabric,1,United States
Augury,1,United States
Moka,1,China
Tezign,1,China
Vagaro,1,United States
Razor,1,European Union
IGAWorks,1,South Korea
Contrast Security,1,United States
Wrapbook,1,United States
Gaussian Robotics,1.1,China
Mensa Brands,1,India
Heyday,1,United States
PLACE,1,United States
Stytch,1,United States
Owkin,1,United States
Expel,1,United States
NoBroker,1,India
Lessen,1,United States
Clara,1,Others
YipitData,1,United States
Anyscale,1,United States
Iodine Software,1,United States
ReliaQuest,1,United States
Pet Circle,1,Others
Nature's Fynd,1,United States
Lydia,1,European Union
SellerX,1,European Union
SnapLogic,1,United States
Cadence,1,United States
Noname Security,1,United States
Rothy's,1,United States
VOI,1,Others
Haomo.AI,1,China
Kopi Kenangan,1,Others
InFarm,1,European Union
ONE,1,Singapore
Fractal Analytics,1,India
Assent,1,Canada
Placer.ai,1,United States
Pentera,1,Israel
Darwinbox,1,India
Minio,1,United States
Esusu,1,United States
Betterfly,1,Others
Dune Analytics,1,Others
Scandit,1,Others
Payhawk,1,United Kingdom
Watershed,1,United States
Axelar,1,Canada
CHEQ,1,United States
Hasura,1,India
Timescale,1,United States
Scalapay,1,Others
Omada Health,1,United States
BlueVoyant,1,United States
Veev,1,United States
Vendr,1,United States
Gauntlet Networks,1,United States
Aptos,1,United States
Glia,1,United States
CommerceIQ,1,United States
RapidAPI,1,United States
Tarana Wireless,1,United States
FLASH,1,United States
Electric,1,United States
BostonGene,1,United States
Grover,1,European Union
Genies,1,United States
Oyster,1,United States
NexHealth,1,United States
UPSIDE Foods,1,United States
Factorial,1,Others
Divergent 3D,1,United States
Taxfix,1,European Union
Open,1,India
Polarium,1,Others
Opn,1,Others
Remarkable,1,Others
Habi,1,Others
Glean,1,United States
CareBridge,1,United States
Immuta,1,United States
JupiterOne,1,United States
Vayyar,1,Israel
LeadSquared,1,India
FourKites,1,United States
VulcanForms,1,United States
SingleStore,1,United States
Unstoppable Domains,1,United States
